Hugo_Symbol	Entrez_Gene_Id	Center	NCBI_Build	Chromosome	Start_Position	End_Position	Strand	Consequence	Variant_Classification	Variant_Type	Reference_Allele	Tumor_Seq_Allele1	Tumor_Seq_Allele2	dbSNP_RS	dbSNP_Val_Status	Tumor_Sample_Barcode	Matched_Norm_Sample_Barcode	Match_Norm_Seq_Allele1	Match_Norm_Seq_Allele2	Tumor_Validation_Allele1	Tumor_Validation_Allele2	Match_Norm_Validation_Allele1	Match_Norm_Validation_Allele2	Verification_Status	Validation_Status	Mutation_Status	Sequencing_Phase	Sequence_Source	Validation_Method	Score	BAM_File	Sequencer	t_ref_count	t_alt_count	n_ref_count	n_alt_count	HGVSc	HGVSp	HGVSp_Short	Transcript_ID	RefSeq	Protein_position	Codons	Exon_Number	Annotation_Status	Hotspot	VAR_TYPE_SX
CUL3	8452	NA	GRCh37	2	225370706	225370706	+	missense_variant	Missense_Mutation	SNP	A	A	C		NA	P-0105	NA	NA	NA	NA	NA	NA	NA	NA	NA	NA	NA	NA	NA	NA	NA	NA	NA	NA	NA	NA	ENST00000264414.4:c.1173T>G	p.Phe391Leu	p.F391L	ENST00000264414	NM_003590.4	391	ttT/ttG	16-Aug	SUCCESS	0	Substitution/Indel
NFE2L2	4780	NA	GRCh37	2	178098966	178098966	+	missense_variant	Missense_Mutation	SNP	C	C	G		NA	P-0214	NA	NA	NA	NA	NA	NA	NA	NA	NA	NA	NA	NA	NA	NA	NA	NA	NA	NA	NA	NA	ENST00000397062.3:c.79G>C	p.Asp27His	p.D27H	ENST00000397062	NM_006164.4	27	Gat/Cat	5-Feb	SUCCESS	0	Substitution/Indel
KEAP1	9817	NA	GRCh37	19	10602688	10602688	+	missense_variant	Missense_Mutation	SNP	C	C	A		NA	P-0287	NA	NA	NA	NA	NA	NA	NA	NA	NA	NA	NA	NA	NA	NA	NA	NA	NA	NA	NA	NA	ENST00000171111.5:c.890G>T	p.Cys297Phe	p.C297F	ENST00000171111	NM_203500.1	297	tGc/tTc	6-Mar	SUCCESS	0	Substitution/Indel
KEAP1	9817	NA	GRCh37	19	10600407	10600407	+	missense_variant	Missense_Mutation	SNP	C	C	T	rs867398451	NA	P-0344	NA	NA	NA	NA	NA	NA	NA	NA	NA	NA	NA	NA	NA	NA	NA	NA	NA	NA	NA	NA	ENST00000171111.5:c.1448G>A	p.Arg483His	p.R483H	ENST00000171111	NM_203500.1	483	cGc/cAc	6-Apr	SUCCESS	0	Substitution/Indel
CUL3	8452	NA	GRCh37	2	225360616	225360616	+	missense_variant	Missense_Mutation	SNP	A	A	G		NA	P-0420	NA	NA	NA	NA	NA	NA	NA	NA	NA	NA	NA	NA	NA	NA	NA	NA	NA	NA	NA	NA	ENST00000264414.4:c.1775T>C	p.Leu592Ser	p.L592S	ENST00000264414	NM_003590.4	592	tTg/tCg	13/16	SUCCESS	0	Substitution/Indel
KEAP1	9817	NA	GRCh37	19	10602878	10602878	+	missense_variant	Missense_Mutation	SNP	G	G	A		NA	P-0532	NA	NA	NA	NA	NA	NA	NA	NA	NA	NA	NA	NA	NA	NA	NA	NA	NA	NA	NA	NA	ENST00000171111.5:c.700C>T	p.Arg234Trp	p.R234W	ENST00000171111	NM_203500.1	234	Cgg/Tgg	6-Mar	SUCCESS	0	Substitution/Indel
KEAP1	9817	NA	GRCh37	19	10610227	10610227	+	missense_variant	Missense_Mutation	SNP	C	C	T		NA	P-0534	NA	NA	NA	NA	NA	NA	NA	NA	NA	NA	NA	NA	NA	NA	NA	NA	NA	NA	NA	NA	ENST00000171111.5:c.483G>A	p.Met161Ile	p.M161I	ENST00000171111	NM_203500.1	161	atG/atA	6-Feb	SUCCESS	0	Substitution/Indel
KEAP1	9817	NA	GRCh37	19	10610092	10610109	+	inframe_deletion	In_Frame_Del	DEL	GTACTCCCGGGCACGCTG	GTACTCCCGGGCACGCTG	-		NA	P-0541	NA	NA	NA	NA	NA	NA	NA	NA	NA	NA	NA	NA	NA	NA	NA	NA	NA	NA	NA	NA	ENST00000171111.5:c.601_618del	p.Gln201_Tyr206del	p.Q201_Y206del	ENST00000171111	NM_203500.1	201	CAGCGTGCCCGGGAGTAC/-	6-Feb	SUCCESS	0	Substitution/Indel
KEAP1	9817	NA	GRCh37	19	10597426	10597426	+	stop_gained	Nonsense_Mutation	SNP	C	C	A		NA	P-0633	NA	NA	NA	NA	NA	NA	NA	NA	NA	NA	NA	NA	NA	NA	NA	NA	NA	NA	NA	NA	ENST00000171111.5:c.1777G>T	p.Glu593Ter	p.E593*	ENST00000171111	NM_203500.1	593	Gag/Tag	6-Jun	SUCCESS	0	Truncation
KEAP1	9817	NA	GRCh37	19	10602438	10602438	+	missense_variant	Missense_Mutation	SNP	C	C	A		NA	P-0703	NA	NA	NA	NA	NA	NA	NA	NA	NA	NA	NA	NA	NA	NA	NA	NA	NA	NA	NA	NA	ENST00000171111.5:c.1140G>T	p.Arg380Ser	p.R380S	ENST00000171111	NM_203500.1	380	agG/agT	6-Mar	SUCCESS	0	Substitution/Indel
KEAP1	9817	NA	GRCh37	19	10610507	10610507	+	missense_variant	Missense_Mutation	SNP	T	T	A		NA	P-0709	NA	NA	NA	NA	NA	NA	NA	NA	NA	NA	NA	NA	NA	NA	NA	NA	NA	NA	NA	NA	ENST00000171111.5:c.203A>T	p.Asn68Ile	p.N68I	ENST00000171111	NM_203500.1	68	aAc/aTc	6-Feb	SUCCESS	0	Substitution/Indel
CUL3	8452	NA	GRCh37	2	225343017	225343017	+	missense_variant	Missense_Mutation	SNP	C	C	A		NA	P-0775	NA	NA	NA	NA	NA	NA	NA	NA	NA	NA	NA	NA	NA	NA	NA	NA	NA	NA	NA	NA	ENST00000264414.4:c.2075G>T	p.Arg692Met	p.R692M	ENST00000264414	NM_003590.4	692	aGg/aTg	15/16	SUCCESS	0	Substitution/Indel
CUL3	8452	NA	GRCh37	2	225339020	225339031	+	inframe_deletion	In_Frame_Del	DEL	TCAATAAGTCCT	TCAATAAGTCCT	-		NA	P-0863	NA	NA	NA	NA	NA	NA	NA	NA	NA	NA	NA	NA	NA	NA	NA	NA	NA	NA	NA	NA	ENST00000264414.4:c.2238_2249del	p.Gly747_Glu750del	p.G747_E750del	ENST00000264414	NM_003590.4	746	gaAGGACTTATTGAg/gag	16/16	SUCCESS	0	Substitution/Indel
NFE2L2	4780	NA	GRCh37	2	178129304	178129304	+	start_lost	Translation_Start_Site	SNP	T	T	C		NA	P-1052	NA	NA	NA	NA	NA	NA	NA	NA	NA	NA	NA	NA	NA	NA	NA	NA	NA	NA	NA	NA	ENST00000397062.3:c.1A>G	p.Met1?	p.M1?	ENST00000397062	NM_006164.4	1	Atg/Gtg	5-Jan	SUCCESS	0	Substitution/Indel
KEAP1	9817	NA	GRCh37	19	10602328	10602328	+	missense_variant	Missense_Mutation	SNP	C	C	A		NA	P-1106	NA	NA	NA	NA	NA	NA	NA	NA	NA	NA	NA	NA	NA	NA	NA	NA	NA	NA	NA	NA	ENST00000171111.5:c.1250G>T	p.Gly417Val	p.G417V	ENST00000171111	NM_203500.1	417	gGg/gTg	6-Mar	SUCCESS	0	Substitution/Indel
KEAP1	9817	NA	GRCh37	19	10602634	10602634	+	missense_variant	Missense_Mutation	SNP	T	T	A		NA	P-1175	NA	NA	NA	NA	NA	NA	NA	NA	NA	NA	NA	NA	NA	NA	NA	NA	NA	NA	NA	NA	ENST00000171111.5:c.944A>T	p.Gln315Leu	p.Q315L	ENST00000171111	NM_203500.1	315	cAg/cTg	6-Mar	SUCCESS	0	Substitution/Indel
KEAP1	9817	NA	GRCh37	19	10602656	10602657	+	inframe_insertion	In_Frame_Ins	INS	-	-	CTC		NA	P-1175	NA	NA	NA	NA	NA	NA	NA	NA	NA	NA	NA	NA	NA	NA	NA	NA	NA	NA	NA	NA	ENST00000171111.5:c.919_921dup	p.Glu307dup	p.E307dup	ENST00000171111	NM_203500.1	307	-/GAG	6-Mar	SUCCESS	0	Substitution/Indel
CUL3	8452	NA	GRCh37	2	225360668	225360668	+	missense_variant	Missense_Mutation	SNP	C	C	T		NA	P-1233	NA	NA	NA	NA	NA	NA	NA	NA	NA	NA	NA	NA	NA	NA	NA	NA	NA	NA	NA	NA	ENST00000264414.4:c.1723G>A	p.Val575Ile	p.V575I	ENST00000264414	NM_003590.4	575	Gtt/Att	13/16	SUCCESS	0	Substitution/Indel
KEAP1	9817	NA	GRCh37	19	10610282	10610282	+	missense_variant	Missense_Mutation	SNP	G	G	A		NA	P-1234	NA	NA	NA	NA	NA	NA	NA	NA	NA	NA	NA	NA	NA	NA	NA	NA	NA	NA	NA	NA	ENST00000171111.5:c.428C>T	p.Ala143Val	p.A143V	ENST00000171111	NM_203500.1	143	gCc/gTc	6-Feb	SUCCESS	0	Substitution/Indel
KEAP1	9817	NA	GRCh37	19	10602314	10602314	+	missense_variant	Missense_Mutation	SNP	C	C	A		NA	P-1269	NA	NA	NA	NA	NA	NA	NA	NA	NA	NA	NA	NA	NA	NA	NA	NA	NA	NA	NA	NA	ENST00000171111.5:c.1264G>T	p.Asp422Tyr	p.D422Y	ENST00000171111	NM_203500.1	422	Gat/Tat	6-Mar	SUCCESS	0	Substitution/Indel
KEAP1	9817	NA	GRCh37	19	10610588	10610594	+	frameshift_variant	Frame_Shift_Del	DEL	TCCGCCT	TCCGCCT	-		NA	P-1382	NA	NA	NA	NA	NA	NA	NA	NA	NA	NA	NA	NA	NA	NA	NA	NA	NA	NA	NA	NA	ENST00000171111.5:c.116_122del	p.Lys39ArgfsTer2	p.K39Rfs*2	ENST00000171111	NM_203500.1	39	aAGGCGGAg/ag	6-Feb	SUCCESS	0	Truncation
NFE2L2	4780	NA	GRCh37	2	178097227	178097227	+	missense_variant	Missense_Mutation	SNP	G	G	C		NA	P-1382	NA	NA	NA	NA	NA	NA	NA	NA	NA	NA	NA	NA	NA	NA	NA	NA	NA	NA	NA	NA	ENST00000397062.3:c.487C>G	p.Gln163Glu	p.Q163E	ENST00000397062	NM_006164.4	163	Cag/Gag	5-Apr	SUCCESS	0	Substitution/Indel
KEAP1	9817	NA	GRCh37	19	10602688	10602688	+	missense_variant	Missense_Mutation	SNP	C	C	A		NA	P-1392	NA	NA	NA	NA	NA	NA	NA	NA	NA	NA	NA	NA	NA	NA	NA	NA	NA	NA	NA	NA	ENST00000171111.5:c.890G>T	p.Cys297Phe	p.C297F	ENST00000171111	NM_203500.1	297	tGc/tTc	6-Mar	SUCCESS	0	Substitution/Indel
KEAP1	9817	NA	GRCh37	19	10600420	10600420	+	missense_variant	Missense_Mutation	SNP	C	C	G		NA	P-1395	NA	NA	NA	NA	NA	NA	NA	NA	NA	NA	NA	NA	NA	NA	NA	NA	NA	NA	NA	NA	ENST00000171111.5:c.1435G>C	p.Asp479His	p.D479H	ENST00000171111	NM_203500.1	479	Gac/Cac	6-Apr	SUCCESS	0	Substitution/Indel
CUL3	8452	NA	GRCh37	2	225367693	225367693	+	stop_gained	Nonsense_Mutation	SNP	G	G	A		NA	P-1419	NA	NA	NA	NA	NA	NA	NA	NA	NA	NA	NA	NA	NA	NA	NA	NA	NA	NA	NA	NA	ENST00000264414.4:c.1474C>T	p.Gln492Ter	p.Q492*	ENST00000264414	NM_003590.4	492	Cag/Tag	16-Oct	SUCCESS	0	Truncation
KEAP1	9817	NA	GRCh37	19	10602880	10602884	+	frameshift_variant	Frame_Shift_Del	DEL	CTGAT	CTGAT	-		NA	P-1448	NA	NA	NA	NA	NA	NA	NA	NA	NA	NA	NA	NA	NA	NA	NA	NA	NA	NA	NA	NA	ENST00000171111.5:c.694_698del	p.Ile232ProfsTer116	p.I232Pfs*116	ENST00000171111	NM_203500.1	232	ATCAGc/c	6-Mar	SUCCESS	0	Truncation
KEAP1	9817	NA	GRCh37	19	10602750	10602750	+	missense_variant	Missense_Mutation	SNP	C	C	A		NA	P-1510	NA	NA	NA	NA	NA	NA	NA	NA	NA	NA	NA	NA	NA	NA	NA	NA	NA	NA	NA	NA	ENST00000171111.5:c.828G>T	p.Leu276Phe	p.L276F	ENST00000171111	NM_203500.1	276	ttG/ttT	6-Mar	SUCCESS	0	Substitution/Indel
KEAP1	9817	NA	GRCh37	19	10610070	10610070	+	splice_donor_variant	Splice_Site	SNP	C	C	T		NA	P-1556	NA	NA	NA	NA	NA	NA	NA	NA	NA	NA	NA	NA	NA	NA	NA	NA	NA	NA	NA	NA	ENST00000171111.5:c.639+1G>A		p.X213_splice	ENST00000171111	NM_203500.1	213			SUCCESS	0	Substitution/Indel
NFE2L2	4780	NA	GRCh37	2	178096046	178096046	+	missense_variant	Missense_Mutation	SNP	C	C	T		NA	P-1629	NA	NA	NA	NA	NA	NA	NA	NA	NA	NA	NA	NA	NA	NA	NA	NA	NA	NA	NA	NA	ENST00000397062.3:c.1285G>A	p.Glu429Lys	p.E429K	ENST00000397062	NM_006164.4	429	Gaa/Aaa	5-May	SUCCESS	0	Substitution/Indel
KEAP1	9817	NA	GRCh37	19	10602619	10602619	+	missense_variant	Missense_Mutation	SNP	C	C	A	rs1239985410	NA	P-1890	NA	NA	NA	NA	NA	NA	NA	NA	NA	NA	NA	NA	NA	NA	NA	NA	NA	NA	NA	NA	ENST00000171111.5:c.959G>T	p.Arg320Leu	p.R320L	ENST00000171111	NM_203500.1	320	cGg/cTg	6-Mar	SUCCESS	0	Substitution/Indel
KEAP1	9817	NA	GRCh37	19	10610370	10610370	+	missense_variant	Missense_Mutation	SNP	C	C	A		NA	P-1972	NA	NA	NA	NA	NA	NA	NA	NA	NA	NA	NA	NA	NA	NA	NA	NA	NA	NA	NA	NA	ENST00000171111.5:c.340G>T	p.Gly114Trp	p.G114W	ENST00000171111	NM_203500.1	114	Ggg/Tgg	6-Feb	SUCCESS	0	Substitution/Indel
CUL3	8452	NA	GRCh37	2	225339071	225339071	+	missense_variant	Missense_Mutation	SNP	C	C	A		NA	P-1994	NA	NA	NA	NA	NA	NA	NA	NA	NA	NA	NA	NA	NA	NA	NA	NA	NA	NA	NA	NA	ENST00000264414.4:c.2198G>T	p.Arg733Leu	p.R733L	ENST00000264414	NM_003590.4	733	cGa/cTa	16/16	SUCCESS	0	Substitution/Indel
CUL3	8452	NA	GRCh37	2	225342955	225342955	+	missense_variant	Missense_Mutation	SNP	A	A	G		NA	P-2047	NA	NA	NA	NA	NA	NA	NA	NA	NA	NA	NA	NA	NA	NA	NA	NA	NA	NA	NA	NA	ENST00000264414.4:c.2137T>C	p.Ser713Pro	p.S713P	ENST00000264414	NM_003590.4	713	Tct/Cct	15/16	SUCCESS	0	Substitution/Indel
KEAP1	9817	NA	GRCh37	19	10600519	10600519	+	missense_variant	Missense_Mutation	SNP	C	C	G		NA	P-2053	NA	NA	NA	NA	NA	NA	NA	NA	NA	NA	NA	NA	NA	NA	NA	NA	NA	NA	NA	NA	ENST00000171111.5:c.1336G>C	p.Glu446Gln	p.E446Q	ENST00000171111	NM_203500.1	446	Gag/Cag	6-Apr	SUCCESS	0	Substitution/Indel
KEAP1	9817	NA	GRCh37	19	10600393	10600393	+	missense_variant	Missense_Mutation	SNP	C	C	T		NA	P-2053	NA	NA	NA	NA	NA	NA	NA	NA	NA	NA	NA	NA	NA	NA	NA	NA	NA	NA	NA	NA	ENST00000171111.5:c.1462G>A	p.Glu488Lys	p.E488K	ENST00000171111	NM_203500.1	488	Gag/Aag	6-Apr	SUCCESS	0	Substitution/Indel
KEAP1	9817	NA	GRCh37	19	10602776	10602776	+	missense_variant	Missense_Mutation	SNP	G	G	C		NA	P-2067	NA	NA	NA	NA	NA	NA	NA	NA	NA	NA	NA	NA	NA	NA	NA	NA	NA	NA	NA	NA	ENST00000171111.5:c.802C>G	p.Leu268Val	p.L268V	ENST00000171111	NM_203500.1	268	Ctg/Gtg	6-Mar	SUCCESS	0	Substitution/Indel
KEAP1	9817	NA	GRCh37	19	10610279	10610279	+	missense_variant	Missense_Mutation	SNP	G	G	A		NA	P-2133	NA	NA	NA	NA	NA	NA	NA	NA	NA	NA	NA	NA	NA	NA	NA	NA	NA	NA	NA	NA	ENST00000171111.5:c.431C>T	p.Ser144Phe	p.S144F	ENST00000171111	NM_203500.1	144	tCc/tTc	6-Feb	SUCCESS	0	Substitution/Indel
KEAP1	9817	NA	GRCh37	19	10610283	10610283	+	missense_variant	Missense_Mutation	SNP	C	C	T		NA	P-2163	NA	NA	NA	NA	NA	NA	NA	NA	NA	NA	NA	NA	NA	NA	NA	NA	NA	NA	NA	NA	ENST00000171111.5:c.427G>A	p.Ala143Thr	p.A143T	ENST00000171111	NM_203500.1	143	Gcc/Acc	6-Feb	SUCCESS	0	Substitution/Indel
KEAP1	9817	NA	GRCh37	19	10610325	10610325	+	missense_variant	Missense_Mutation	SNP	G	G	A		NA	P-2170	NA	NA	NA	NA	NA	NA	NA	NA	NA	NA	NA	NA	NA	NA	NA	NA	NA	NA	NA	NA	ENST00000171111.5:c.385C>T	p.His129Tyr	p.H129Y	ENST00000171111	NM_203500.1	129	Cac/Tac	6-Feb	SUCCESS	0	Substitution/Indel
KEAP1	9817	NA	GRCh37	19	10599915	10599915	+	missense_variant	Missense_Mutation	SNP	C	C	G		NA	P-2306	NA	NA	NA	NA	NA	NA	NA	NA	NA	NA	NA	NA	NA	NA	NA	NA	NA	NA	NA	NA	ENST00000171111.5:c.1661G>C	p.Arg554Pro	p.R554P	ENST00000171111	NM_203500.1	554	cGa/cCa	6-May	SUCCESS	0	Substitution/Indel
NFE2L2	4780	NA	GRCh37	2	178097980	178097980	+	missense_variant,splice_region_variant	Missense_Mutation	SNP	C	C	T		NA	P-2495	NA	NA	NA	NA	NA	NA	NA	NA	NA	NA	NA	NA	NA	NA	NA	NA	NA	NA	NA	NA	ENST00000397062.3:c.400G>A	p.Glu134Lys	p.E134K	ENST00000397062	NM_006164.4	134	Gag/Aag	5-Mar	SUCCESS	0	Substitution/Indel
KEAP1	9817	NA	GRCh37	19	10602257	10602257	+	missense_variant	Missense_Mutation	SNP	C	C	T		NA	P-2524	NA	NA	NA	NA	NA	NA	NA	NA	NA	NA	NA	NA	NA	NA	NA	NA	NA	NA	NA	NA	ENST00000171111.5:c.1321G>A	p.Glu441Lys	p.E441K	ENST00000171111	NM_203500.1	441	Gag/Aag	6-Mar	SUCCESS	0	Substitution/Indel
KEAP1	9817	NA	GRCh37	19	10610265	10610265	+	stop_gained	Nonsense_Mutation	SNP	C	C	A		NA	P-2525	NA	NA	NA	NA	NA	NA	NA	NA	NA	NA	NA	NA	NA	NA	NA	NA	NA	NA	NA	NA	ENST00000171111.5:c.445G>T	p.Glu149Ter	p.E149*	ENST00000171111	NM_203500.1	149	Gag/Tag	6-Feb	SUCCESS	0	Truncation
KEAP1	9817	NA	GRCh37	19	10602620	10602620	+	missense_variant	Missense_Mutation	SNP	G	G	A		NA	P-2554	NA	NA	NA	NA	NA	NA	NA	NA	NA	NA	NA	NA	NA	NA	NA	NA	NA	NA	NA	NA	ENST00000171111.5:c.958C>T	p.Arg320Trp	p.R320W	ENST00000171111	NM_203500.1	320	Cgg/Tgg	6-Mar	SUCCESS	0	Substitution/Indel
CUL3	8452	NA	GRCh37	2	225368469	225368469	+	missense_variant	Missense_Mutation	SNP	T	T	A		NA	P-2618	NA	NA	NA	NA	NA	NA	NA	NA	NA	NA	NA	NA	NA	NA	NA	NA	NA	NA	NA	NA	ENST00000264414.4:c.1277A>T	p.Asp426Val	p.D426V	ENST00000264414	NM_003590.4	426	gAt/gTt	16-Sep	SUCCESS	0	Substitution/Indel
KEAP1	9817	NA	GRCh37	19	10610331	10610331	+	missense_variant	Missense_Mutation	SNP	C	C	G		NA	P-2649	NA	NA	NA	NA	NA	NA	NA	NA	NA	NA	NA	NA	NA	NA	NA	NA	NA	NA	NA	NA	ENST00000171111.5:c.379G>C	p.Gly127Arg	p.G127R	ENST00000171111	NM_203500.1	127	Ggt/Cgt	6-Feb	SUCCESS	0	Substitution/Indel
KEAP1	9817	NA	GRCh37	19	10599882	10599917	+	inframe_deletion	In_Frame_Del	DEL	CTCCCCTGGTGGACAGTGATCCCCAGGGCACTTCGC	CTCCCCTGGTGGACAGTGATCCCCAGGGCACTTCGC	-		NA	P-2652	NA	NA	NA	NA	NA	NA	NA	NA	NA	NA	NA	NA	NA	NA	NA	NA	NA	NA	NA	NA	ENST00000171111.5:c.1659_1694del	p.Arg554_Arg565del	p.R554_R565del	ENST00000171111	NM_203500.1	553	cgGCGAAGTGCCCTGGGGATCACTGTCCACCAGGGGAGa/cga	6-May	SUCCESS	0	Substitution/Indel
KEAP1	9817	NA	GRCh37	19	10599867	10599867	+	splice_donor_variant	Splice_Site	SNP	C	C	A		NA	P-2652	NA	NA	NA	NA	NA	NA	NA	NA	NA	NA	NA	NA	NA	NA	NA	NA	NA	NA	NA	NA	ENST00000171111.5:c.1708+1G>T		p.X570_splice	ENST00000171111	NM_203500.1	570			SUCCESS	0	Substitution/Indel
KEAP1	9817	NA	GRCh37	19	10602848	10602848	+	missense_variant	Missense_Mutation	SNP	C	C	T		NA	P-2705	NA	NA	NA	NA	NA	NA	NA	NA	NA	NA	NA	NA	NA	NA	NA	NA	NA	NA	NA	NA	ENST00000171111.5:c.730G>A	p.Glu244Lys	p.E244K	ENST00000171111	NM_203500.1	244	Gag/Aag	6-Mar	SUCCESS	0	Substitution/Indel
KEAP1	9817	NA	GRCh37	19	10600407	10600407	+	missense_variant	Missense_Mutation	SNP	C	C	T	rs867398451	NA	P-2821	NA	NA	NA	NA	NA	NA	NA	NA	NA	NA	NA	NA	NA	NA	NA	NA	NA	NA	NA	NA	ENST00000171111.5:c.1448G>A	p.Arg483His	p.R483H	ENST00000171111	NM_203500.1	483	cGc/cAc	6-Apr	SUCCESS	0	Substitution/Indel
KEAP1	9817	NA	GRCh37	19	10610330	10610330	+	missense_variant	Missense_Mutation	SNP	C	C	T		NA	P-2858	NA	NA	NA	NA	NA	NA	NA	NA	NA	NA	NA	NA	NA	NA	NA	NA	NA	NA	NA	NA	ENST00000171111.5:c.380G>A	p.Gly127Asp	p.G127D	ENST00000171111	NM_203500.1	127	gGt/gAt	6-Feb	SUCCESS	0	Substitution/Indel
KEAP1	9817	NA	GRCh37	19	10600471	10600471	+	missense_variant	Missense_Mutation	SNP	C	C	A		NA	P-3001	NA	NA	NA	NA	NA	NA	NA	NA	NA	NA	NA	NA	NA	NA	NA	NA	NA	NA	NA	NA	ENST00000171111.5:c.1384G>T	p.Gly462Trp	p.G462W	ENST00000171111	NM_203500.1	462	Ggg/Tgg	6-Apr	SUCCESS	0	Substitution/Indel
KEAP1	9817	NA	GRCh37	19	10610265	10610265	+	missense_variant	Missense_Mutation	SNP	C	C	T		NA	P-3033	NA	NA	NA	NA	NA	NA	NA	NA	NA	NA	NA	NA	NA	NA	NA	NA	NA	NA	NA	NA	ENST00000171111.5:c.445G>A	p.Glu149Lys	p.E149K	ENST00000171111	NM_203500.1	149	Gag/Aag	6-Feb	SUCCESS	0	Substitution/Indel
KEAP1	9817	NA	GRCh37	19	10600004	10600005	+	frameshift_variant	Frame_Shift_Ins	INS	-	-	C		NA	P-3070	NA	NA	NA	NA	NA	NA	NA	NA	NA	NA	NA	NA	NA	NA	NA	NA	NA	NA	NA	NA	ENST00000171111.5:c.1571dup	p.Tyr525LeufsTer2	p.Y525Lfs*2	ENST00000171111	NM_203500.1	524	ggc/ggGc	6-May	SUCCESS	0	Truncation
KEAP1	9817	NA	GRCh37	19	10599969	10599969	+	missense_variant	Missense_Mutation	SNP	C	C	G		NA	P-3208	NA	NA	NA	NA	NA	NA	NA	NA	NA	NA	NA	NA	NA	NA	NA	NA	NA	NA	NA	NA	ENST00000171111.5:c.1607G>C	p.Arg536Pro	p.R536P	ENST00000171111	NM_203500.1	536	cGc/cCc	6-May	SUCCESS	0	Substitution/Indel
NFE2L2	4780	NA	GRCh37	2	178095618	178095618	+	missense_variant	Missense_Mutation	SNP	T	T	G		NA	P-3235	NA	NA	NA	NA	NA	NA	NA	NA	NA	NA	NA	NA	NA	NA	NA	NA	NA	NA	NA	NA	ENST00000397062.3:c.1713A>C	p.Glu571Asp	p.E571D	ENST00000397062	NM_006164.4	571	gaA/gaC	5-May	SUCCESS	0	Substitution/Indel
CUL3	8452	NA	GRCh37	2	225342966	225342966	+	missense_variant	Missense_Mutation	SNP	C	C	T	rs1159640544	NA	P-3267	NA	NA	NA	NA	NA	NA	NA	NA	NA	NA	NA	NA	NA	NA	NA	NA	NA	NA	NA	NA	ENST00000264414.4:c.2126G>A	p.Arg709Gln	p.R709Q	ENST00000264414	NM_003590.4	709	cGg/cAg	15/16	SUCCESS	0	Substitution/Indel
CUL3	8452	NA	GRCh37	2	225339054	225339054	+	missense_variant	Missense_Mutation	SNP	C	C	T	rs979372228	NA	P-3323	NA	NA	NA	NA	NA	NA	NA	NA	NA	NA	NA	NA	NA	NA	NA	NA	NA	NA	NA	NA	ENST00000264414.4:c.2215G>A	p.Val739Ile	p.V739I	ENST00000264414	NM_003590.4	739	Gtt/Att	16/16	SUCCESS	0	Substitution/Indel
KEAP1	9817	NA	GRCh37	19	10602340	10602340	+	missense_variant	Missense_Mutation	SNP	C	C	T		NA	P-3419	NA	NA	NA	NA	NA	NA	NA	NA	NA	NA	NA	NA	NA	NA	NA	NA	NA	NA	NA	NA	ENST00000171111.5:c.1238G>A	p.Arg413His	p.R413H	ENST00000171111	NM_203500.1	413	cGt/cAt	6-Mar	SUCCESS	0	Substitution/Indel
KEAP1	9817	NA	GRCh37	19	10610589	10610589	+	stop_gained	Nonsense_Mutation	SNP	C	C	A		NA	P-3491	NA	NA	NA	NA	NA	NA	NA	NA	NA	NA	NA	NA	NA	NA	NA	NA	NA	NA	NA	NA	ENST00000171111.5:c.121G>T	p.Glu41Ter	p.E41*	ENST00000171111	NM_203500.1	41	Gag/Tag	6-Feb	SUCCESS	0	Truncation
KEAP1	9817	NA	GRCh37	19	10602911	10602911	+	missense_variant	Missense_Mutation	SNP	G	G	C		NA	P-3534	NA	NA	NA	NA	NA	NA	NA	NA	NA	NA	NA	NA	NA	NA	NA	NA	NA	NA	NA	NA	ENST00000171111.5:c.667C>G	p.Leu223Val	p.L223V	ENST00000171111	NM_203500.1	223	Ctg/Gtg	6-Mar	SUCCESS	0	Substitution/Indel
KEAP1	9817	NA	GRCh37	19	10610505	10610505	+	stop_gained	Nonsense_Mutation	SNP	C	C	A		NA	P-3586	NA	NA	NA	NA	NA	NA	NA	NA	NA	NA	NA	NA	NA	NA	NA	NA	NA	NA	NA	NA	ENST00000171111.5:c.205G>T	p.Glu69Ter	p.E69*	ENST00000171111	NM_203500.1	69	Gag/Tag	6-Feb	SUCCESS	0	Truncation
KEAP1	9817	NA	GRCh37	19	10602340	10602340	+	missense_variant	Missense_Mutation	SNP	C	C	T		NA	P-3642	NA	NA	NA	NA	NA	NA	NA	NA	NA	NA	NA	NA	NA	NA	NA	NA	NA	NA	NA	NA	ENST00000171111.5:c.1238G>A	p.Arg413His	p.R413H	ENST00000171111	NM_203500.1	413	cGt/cAt	6-Mar	SUCCESS	0	Substitution/Indel
NFE2L2	4780	NA	GRCh37	2	178096172	178096172	+	missense_variant	Missense_Mutation	SNP	T	T	G		NA	P-3677	NA	NA	NA	NA	NA	NA	NA	NA	NA	NA	NA	NA	NA	NA	NA	NA	NA	NA	NA	NA	ENST00000397062.3:c.1159A>C	p.Ser387Arg	p.S387R	ENST00000397062	NM_006164.4	387	Agt/Cgt	5-May	SUCCESS	0	Substitution/Indel
KEAP1	9817	NA	GRCh37	19	10597496	10597496	+	splice_acceptor_variant	Splice_Site	SNP	T	T	A		NA	P-3729	NA	NA	NA	NA	NA	NA	NA	NA	NA	NA	NA	NA	NA	NA	NA	NA	NA	NA	NA	NA	ENST00000171111.5:c.1709-2A>T		p.X570_splice	ENST00000171111	NM_203500.1	570			SUCCESS	0	Substitution/Indel
NFE2L2	4780	NA	GRCh37	2	178098944	178098944	+	missense_variant	Missense_Mutation	SNP	C	C	T		NA	P-3749	NA	NA	NA	NA	NA	NA	NA	NA	NA	NA	NA	NA	NA	NA	NA	NA	NA	NA	NA	NA	ENST00000397062.3:c.101G>A	p.Arg34Gln	p.R34Q	ENST00000397062	NM_006164.4	34	cGa/cAa	5-Feb	SUCCESS	0	Substitution/Indel
KEAP1	9817	NA	GRCh37	19	10600530	10600530	+	splice_acceptor_variant	Splice_Site	SNP	C	C	A		NA	P-3842	NA	NA	NA	NA	NA	NA	NA	NA	NA	NA	NA	NA	NA	NA	NA	NA	NA	NA	NA	NA	ENST00000171111.5:c.1326-1G>T		p.X442_splice	ENST00000171111	NM_203500.1	442			SUCCESS	0	Substitution/Indel
KEAP1	9817	NA	GRCh37	19	10602580	10602580	+	missense_variant	Missense_Mutation	SNP	C	C	A		NA	P-3883	NA	NA	NA	NA	NA	NA	NA	NA	NA	NA	NA	NA	NA	NA	NA	NA	NA	NA	NA	NA	ENST00000171111.5:c.998G>T	p.Gly333Val	p.G333V	ENST00000171111	NM_203500.1	333	gGc/gTc	6-Mar	SUCCESS	0	Substitution/Indel
KEAP1	9817	NA	GRCh37	19	10599945	10599945	+	missense_variant	Missense_Mutation	SNP	C	C	A		NA	P-3884	NA	NA	NA	NA	NA	NA	NA	NA	NA	NA	NA	NA	NA	NA	NA	NA	NA	NA	NA	NA	ENST00000171111.5:c.1631G>T	p.Trp544Leu	p.W544L	ENST00000171111	NM_203500.1	544	tGg/tTg	6-May	SUCCESS	0	Substitution/Indel
NFE2L2	4780	NA	GRCh37	2	178098815	178098815	+	missense_variant	Missense_Mutation	SNP	T	T	A		NA	P-3975	NA	NA	NA	NA	NA	NA	NA	NA	NA	NA	NA	NA	NA	NA	NA	NA	NA	NA	NA	NA	ENST00000397062.3:c.230A>T	p.Asp77Val	p.D77V	ENST00000397062	NM_006164.4	77	gAt/gTt	5-Feb	SUCCESS	0	Substitution/Indel
KEAP1	9817	NA	GRCh37	19	10602756	10602756	+	missense_variant	Missense_Mutation	SNP	G	G	C		NA	P-4074	NA	NA	NA	NA	NA	NA	NA	NA	NA	NA	NA	NA	NA	NA	NA	NA	NA	NA	NA	NA	ENST00000171111.5:c.822C>G	p.His274Gln	p.H274Q	ENST00000171111	NM_203500.1	274	caC/caG	6-Mar	SUCCESS	0	Substitution/Indel
KEAP1	9817	NA	GRCh37	19	10602341	10602341	+	frameshift_variant	Frame_Shift_Del	DEL	G	G	-		NA	P-4090	NA	NA	NA	NA	NA	NA	NA	NA	NA	NA	NA	NA	NA	NA	NA	NA	NA	NA	NA	NA	ENST00000171111.5:c.1237del	p.Arg413ValfsTer45	p.R413Vfs*45	ENST00000171111	NM_203500.1	413	Cgt/gt	6-Mar	SUCCESS	0	Truncation
KEAP1	9817	NA	GRCh37	19	10600440	10600440	+	missense_variant	Missense_Mutation	SNP	A	A	G		NA	P-4174	NA	NA	NA	NA	NA	NA	NA	NA	NA	NA	NA	NA	NA	NA	NA	NA	NA	NA	NA	NA	ENST00000171111.5:c.1415T>C	p.Leu472Pro	p.L472P	ENST00000171111	NM_203500.1	472	cTt/cCt	6-Apr	SUCCESS	0	Substitution/Indel
KEAP1	9817	NA	GRCh37	19	10602281	10602281	+	missense_variant	Missense_Mutation	SNP	C	C	T		NA	P-4430	NA	NA	NA	NA	NA	NA	NA	NA	NA	NA	NA	NA	NA	NA	NA	NA	NA	NA	NA	NA	ENST00000171111.5:c.1297G>A	p.Gly433Ser	p.G433S	ENST00000171111	NM_203500.1	433	Ggc/Agc	6-Mar	SUCCESS	0	Substitution/Indel
KEAP1	9817	NA	GRCh37	19	10610172	10610172	+	missense_variant	Missense_Mutation	SNP	C	C	T		NA	P-4430	NA	NA	NA	NA	NA	NA	NA	NA	NA	NA	NA	NA	NA	NA	NA	NA	NA	NA	NA	NA	ENST00000171111.5:c.538G>A	p.Asp180Asn	p.D180N	ENST00000171111	NM_203500.1	180	Gac/Aac	6-Feb	SUCCESS	0	Substitution/Indel
KEAP1	9817	NA	GRCh37	19	10602646	10602646	+	missense_variant	Missense_Mutation	SNP	T	T	A		NA	P-4770	NA	NA	NA	NA	NA	NA	NA	NA	NA	NA	NA	NA	NA	NA	NA	NA	NA	NA	NA	NA	ENST00000171111.5:c.932A>T	p.His311Leu	p.H311L	ENST00000171111	NM_203500.1	311	cAc/cTc	6-Mar	SUCCESS	0	Substitution/Indel
CUL3	8452	NA	GRCh37	2	225379404	225379404	+	missense_variant	Missense_Mutation	SNP	C	C	A		NA	P-4826	NA	NA	NA	NA	NA	NA	NA	NA	NA	NA	NA	NA	NA	NA	NA	NA	NA	NA	NA	NA	ENST00000264414.4:c.464G>T	p.Gly155Val	p.G155V	ENST00000264414	NM_003590.4	155	gGg/gTg	16-Apr	SUCCESS	0	Substitution/Indel
KEAP1	9817	NA	GRCh37	19	10610499	10610499	+	missense_variant	Missense_Mutation	SNP	G	G	A	rs541663797	NA	P-4865	NA	NA	NA	NA	NA	NA	NA	NA	NA	NA	NA	NA	NA	NA	NA	NA	NA	NA	NA	NA	ENST00000171111.5:c.211C>T	p.Arg71Trp	p.R71W	ENST00000171111	NM_203500.1	71	Cgg/Tgg	6-Feb	SUCCESS	0	Substitution/Indel
KEAP1	9817	NA	GRCh37	19	10602775	10602775	+	missense_variant	Missense_Mutation	SNP	A	A	T		NA	P-4882	NA	NA	NA	NA	NA	NA	NA	NA	NA	NA	NA	NA	NA	NA	NA	NA	NA	NA	NA	NA	ENST00000171111.5:c.803T>A	p.Leu268Gln	p.L268Q	ENST00000171111	NM_203500.1	268	cTg/cAg	6-Mar	SUCCESS	0	Substitution/Indel
KEAP1	9817	NA	GRCh37	19	10602848	10602848	+	stop_gained	Nonsense_Mutation	SNP	C	C	A		NA	P-5001	NA	NA	NA	NA	NA	NA	NA	NA	NA	NA	NA	NA	NA	NA	NA	NA	NA	NA	NA	NA	ENST00000171111.5:c.730G>T	p.Glu244Ter	p.E244*	ENST00000171111	NM_203500.1	244	Gag/Tag	6-Mar	SUCCESS	0	Truncation
KEAP1	9817	NA	GRCh37	19	10602619	10602619	+	missense_variant	Missense_Mutation	SNP	C	C	A	rs1239985410	NA	P-5032	NA	NA	NA	NA	NA	NA	NA	NA	NA	NA	NA	NA	NA	NA	NA	NA	NA	NA	NA	NA	ENST00000171111.5:c.959G>T	p.Arg320Leu	p.R320L	ENST00000171111	NM_203500.1	320	cGg/cTg	6-Mar	SUCCESS	0	Substitution/Indel
KEAP1	9817	NA	GRCh37	19	10602659	10602659	+	stop_gained	Nonsense_Mutation	SNP	C	C	A		NA	P-5048	NA	NA	NA	NA	NA	NA	NA	NA	NA	NA	NA	NA	NA	NA	NA	NA	NA	NA	NA	NA	ENST00000171111.5:c.919G>T	p.Glu307Ter	p.E307*	ENST00000171111	NM_203500.1	307	Gag/Tag	6-Mar	SUCCESS	0	Truncation
CUL3	8452	NA	GRCh37	2	225342959	225342959	+	missense_variant	Missense_Mutation	SNP	C	C	T		NA	P-5048	NA	NA	NA	NA	NA	NA	NA	NA	NA	NA	NA	NA	NA	NA	NA	NA	NA	NA	NA	NA	ENST00000264414.4:c.2133G>A	p.Met711Ile	p.M711I	ENST00000264414	NM_003590.4	711	atG/atA	15/16	SUCCESS	0	Substitution/Indel
KEAP1	9817	NA	GRCh37	19	10602832	10602832	+	missense_variant	Missense_Mutation	SNP	C	C	T	rs865938977	NA	P-5049	NA	NA	NA	NA	NA	NA	NA	NA	NA	NA	NA	NA	NA	NA	NA	NA	NA	NA	NA	NA	ENST00000171111.5:c.746G>A	p.Cys249Tyr	p.C249Y	ENST00000171111	NM_203500.1	249	tGc/tAc	6-Mar	SUCCESS	0	Substitution/Indel
KEAP1	9817	NA	GRCh37	19	10602292	10602292	+	missense_variant	Missense_Mutation	SNP	C	C	G		NA	P-5054	NA	NA	NA	NA	NA	NA	NA	NA	NA	NA	NA	NA	NA	NA	NA	NA	NA	NA	NA	NA	ENST00000171111.5:c.1286G>C	p.Gly429Ala	p.G429A	ENST00000171111	NM_203500.1	429	gGc/gCc	6-Mar	SUCCESS	0	Substitution/Indel
KEAP1	9817	NA	GRCh37	19	10602863	10602863	+	missense_variant	Missense_Mutation	SNP	C	C	A		NA	P-5072	NA	NA	NA	NA	NA	NA	NA	NA	NA	NA	NA	NA	NA	NA	NA	NA	NA	NA	NA	NA	ENST00000171111.5:c.715G>T	p.Val239Leu	p.V239L	ENST00000171111	NM_203500.1	239	Gtg/Ttg	6-Mar	SUCCESS	0	Substitution/Indel
CUL3	8452	NA	GRCh37	2	225360626	225360643	+	inframe_deletion	In_Frame_Del	DEL	TCCGTGTATTAGAGCCAG	TCCGTGTATTAGAGCCAG	-		NA	P-5102	NA	NA	NA	NA	NA	NA	NA	NA	NA	NA	NA	NA	NA	NA	NA	NA	NA	NA	NA	NA	ENST00000264414.4:c.1748_1765del	p.Thr583_Arg588del	p.T583_R588del	ENST00000264414	NM_003590.4	583	aCTGGCTCTAATACACGGAag/aag	13/16	SUCCESS	0	Substitution/Indel
KEAP1	9817	NA	GRCh37	19	10600369	10600369	+	stop_gained	Nonsense_Mutation	SNP	C	C	A		NA	P-5136	NA	NA	NA	NA	NA	NA	NA	NA	NA	NA	NA	NA	NA	NA	NA	NA	NA	NA	NA	NA	ENST00000171111.5:c.1486G>T	p.Glu496Ter	p.E496*	ENST00000171111	NM_203500.1	496	Gag/Tag	6-Apr	SUCCESS	0	Truncation
KEAP1	9817	NA	GRCh37	19	10610405	10610405	+	missense_variant	Missense_Mutation	SNP	G	G	A		NA	P-5145	NA	NA	NA	NA	NA	NA	NA	NA	NA	NA	NA	NA	NA	NA	NA	NA	NA	NA	NA	NA	ENST00000171111.5:c.305C>T	p.Ser102Leu	p.S102L	ENST00000171111	NM_203500.1	102	tCa/tTa	6-Feb	SUCCESS	0	Substitution/Indel
CUL3	8452	NA	GRCh37	2	225378297	225378304	+	frameshift_variant	Frame_Shift_Del	DEL	CTGATCTT	CTGATCTT	-		NA	P-5145	NA	NA	NA	NA	NA	NA	NA	NA	NA	NA	NA	NA	NA	NA	NA	NA	NA	NA	NA	NA	ENST00000264414.4:c.591_598del	p.Arg198LeufsTer2	p.R198Lfs*2	ENST00000264414	NM_003590.4	197	ggAAGATCAGtc/ggtc	16-May	SUCCESS	0	Truncation
KEAP1	9817	NA	GRCh37	19	10600335	10600335	+	missense_variant	Missense_Mutation	SNP	C	C	G		NA	P-5196	NA	NA	NA	NA	NA	NA	NA	NA	NA	NA	NA	NA	NA	NA	NA	NA	NA	NA	NA	NA	ENST00000171111.5:c.1520G>C	p.Arg507Pro	p.R507P	ENST00000171111	NM_203500.1	507	cGa/cCa	6-Apr	SUCCESS	0	Substitution/Indel
KEAP1	9817	NA	GRCh37	19	10610474	10610475	+	frameshift_variant	Frame_Shift_Ins	INS	-	-	C		NA	P-5351	NA	NA	NA	NA	NA	NA	NA	NA	NA	NA	NA	NA	NA	NA	NA	NA	NA	NA	NA	NA	ENST00000171111.5:c.235dup	p.Val79GlyfsTer48	p.V79Gfs*48	ENST00000171111	NM_203500.1	79	gtc/gGtc	6-Feb	SUCCESS	0	Truncation
KEAP1	9817	NA	GRCh37	19	10602581	10602581	+	missense_variant	Missense_Mutation	SNP	C	C	A		NA	P-5420	NA	NA	NA	NA	NA	NA	NA	NA	NA	NA	NA	NA	NA	NA	NA	NA	NA	NA	NA	NA	ENST00000171111.5:c.997G>T	p.Gly333Cys	p.G333C	ENST00000171111	NM_203500.1	333	Ggc/Tgc	6-Mar	SUCCESS	0	Substitution/Indel
KEAP1	9817	NA	GRCh37	19	10599917	10599917	+	frameshift_variant	Frame_Shift_Del	DEL	C	C	-		NA	P-5814	NA	NA	NA	NA	NA	NA	NA	NA	NA	NA	NA	NA	NA	NA	NA	NA	NA	NA	NA	NA	ENST00000171111.5:c.1659del	p.Arg554GlufsTer41	p.R554Efs*41	ENST00000171111	NM_203500.1	553	cgG/cg	6-May	SUCCESS	0	Truncation
KEAP1	9817	NA	GRCh37	19	10610235	10610235	+	missense_variant	Missense_Mutation	SNP	C	C	T		NA	P-5894	NA	NA	NA	NA	NA	NA	NA	NA	NA	NA	NA	NA	NA	NA	NA	NA	NA	NA	NA	NA	ENST00000171111.5:c.475G>A	p.Ala159Thr	p.A159T	ENST00000171111	NM_203500.1	159	Gct/Act	6-Feb	SUCCESS	0	Substitution/Indel
CUL3	8452	NA	GRCh37	2	225368476	225368476	+	stop_gained	Nonsense_Mutation	SNP	C	C	A		NA	P-7963	NA	NA	NA	NA	NA	NA	NA	NA	NA	NA	NA	NA	NA	NA	NA	NA	NA	NA	NA	NA	ENST00000264414.4:c.1270G>T	p.Glu424Ter	p.E424*	ENST00000264414	NM_003590.4	424	Gaa/Taa	16-Sep	SUCCESS	0	Truncation
CUL3	8452	NA	GRCh37	2	225376267	225376267	+	missense_variant	Missense_Mutation	SNP	A	A	C		NA	P-7963	NA	NA	NA	NA	NA	NA	NA	NA	NA	NA	NA	NA	NA	NA	NA	NA	NA	NA	NA	NA	ENST00000264414.4:c.687T>G	p.Ser229Arg	p.S229R	ENST00000264414	NM_003590.4	229	agT/agG	16-Jun	SUCCESS	0	Substitution/Indel
KEAP1	9817	NA	GRCh37	19	10602895	10602895	+	missense_variant	Missense_Mutation	SNP	A	A	G		NA	P-8004	NA	NA	NA	NA	NA	NA	NA	NA	NA	NA	NA	NA	NA	NA	NA	NA	NA	NA	NA	NA	ENST00000171111.5:c.683T>C	p.Leu228Pro	p.L228P	ENST00000171111	NM_203500.1	228	cTg/cCg	6-Mar	SUCCESS	0	Substitution/Indel
KEAP1	9817	NA	GRCh37	19	10610533	10610533	+	missense_variant	Missense_Mutation	SNP	A	A	T		NA	P-8696	NA	NA	NA	NA	NA	NA	NA	NA	NA	NA	NA	NA	NA	NA	NA	NA	NA	NA	NA	NA	ENST00000171111.5:c.177T>A	p.His59Gln	p.H59Q	ENST00000171111	NM_203500.1	59	caT/caA	6-Feb	SUCCESS	0	Substitution/Indel
KEAP1	9817	NA	GRCh37	19	10610531	10610531	+	missense_variant	Missense_Mutation	SNP	G	G	T		NA	P-8696	NA	NA	NA	NA	NA	NA	NA	NA	NA	NA	NA	NA	NA	NA	NA	NA	NA	NA	NA	NA	ENST00000171111.5:c.179C>A	p.Thr60Asn	p.T60N	ENST00000171111	NM_203500.1	60	aCc/aAc	6-Feb	SUCCESS	0	Substitution/Indel
