Hugo_Symbol	Entrez_Gene_Id	Center	NCBI_Build	Chromosome	Start_Position	End_Position	Strand	Consequence	Variant_Classification	Variant_Type	Reference_Allele	Tumor_Seq_Allele1	Tumor_Seq_Allele2	dbSNP_RS	dbSNP_Val_Status	Tumor_Sample_Barcode	Matched_Norm_Sample_Barcode	Match_Norm_Seq_Allele1	Match_Norm_Seq_Allele2	Tumor_Validation_Allele1	Tumor_Validation_Allele2	Match_Norm_Validation_Allele1	Match_Norm_Validation_Allele2	Verification_Status	Validation_Status	Mutation_Status	Sequencing_Phase	Sequence_Source	Validation_Method	Score	BAM_File	Sequencer	t_ref_count	t_alt_count	n_ref_count	n_alt_count	HGVSc	HGVSp	HGVSp_Short	Transcript_ID	RefSeq	Protein_position	Codons	Hotspot	Amino_acid_change
KEAP1	9817	NA	GRCh37	19	10602748	10602748	+	missense_variant	Missense_Mutation	SNP	G	G	A	NA	NA	BGI-EX05	NA	NA	NA	NA	NA	NA	NA	NA	NA	NA	NA	NA	NA	NA	NA	NA	37	16	NA	NA	ENST00000171111.5:c.830C>T	p.Thr277Met	p.T277M	ENST00000171111	NM_203500.1	277	aCg/aTg	0	p.T277M
KEAP1	9817	NA	GRCh37	19	10602865	10602865	+	missense_variant	Missense_Mutation	SNP	T	T	C	NA	NA	BGI-EX06	NA	NA	NA	NA	NA	NA	NA	NA	NA	NA	NA	NA	NA	NA	NA	NA	17	8	NA	NA	ENST00000171111.5:c.713A>G	p.Asn238Ser	p.N238S	ENST00000171111	NM_203500.1	238	aAc/aGc	0	p.N238S
KEAP1	9817	NA	GRCh37	19	10610349	10610349	+	stop_gained	Nonsense_Mutation	SNP	C	C	A	NA	NA	BGI-RS07	NA	NA	NA	NA	NA	NA	NA	NA	NA	NA	NA	NA	NA	NA	NA	NA	21	3	NA	NA	ENST00000171111.5:c.361G>T	p.Glu121Ter	p.E121*	ENST00000171111	NM_203500.1	121	Gag/Tag	0	p.E121*
NFE2L2	4780	NA	GRCh37	2	178095835	178095835	+	missense_variant	Missense_Mutation	SNP	C	C	T	NA	NA	BGI-RS08	NA	NA	NA	NA	NA	NA	NA	NA	NA	NA	NA	NA	NA	NA	NA	NA	79	8	NA	NA	ENST00000397062.3:c.1496G>A	p.Arg499Gln	p.R499Q	ENST00000397062	NM_006164.4	499	cGg/cAg	0	p.R499Q
NFE2L2	4780	NA	GRCh37	2	178096453	178096453	+	missense_variant	Missense_Mutation	SNP	G	G	T	NA	NA	BGI-RS08	NA	NA	NA	NA	NA	NA	NA	NA	NA	NA	NA	NA	NA	NA	NA	NA	75	6	NA	NA	ENST00000397062.3:c.878C>A	p.Pro293His	p.P293H	ENST00000397062	NM_006164.4	293	cCc/cAc	0	p.P293H
KEAP1	9817	NA	GRCh37	19	10599988	10599988	+	stop_gained	Nonsense_Mutation	SNP	G	G	A	NA	NA	BGI-RS26	NA	NA	NA	NA	NA	NA	NA	NA	NA	NA	NA	NA	NA	NA	NA	NA	22	4	NA	NA	ENST00000171111.5:c.1588C>T	p.Gln530Ter	p.Q530*	ENST00000171111	NM_203500.1	530	Cag/Tag	0	p.Q530*
KEAP1	9817	NA	GRCh37	19	10610364	10610364	+	missense_variant	Missense_Mutation	SNP	G	G	A	NA	NA	BGI-RS31	NA	NA	NA	NA	NA	NA	NA	NA	NA	NA	NA	NA	NA	NA	NA	NA	22	5	NA	NA	ENST00000171111.5:c.346C>T	p.Arg116Trp	p.R116W	ENST00000171111	NM_203500.1	116	Cgg/Tgg	0	p.R116W
KEAP1	9817	NA	GRCh37	19	10602850	10602850	+	missense_variant	Missense_Mutation	SNP	G	G	A	NA	NA	BGI-RS50	NA	NA	NA	NA	NA	NA	NA	NA	NA	NA	NA	NA	NA	NA	NA	NA	9	11	NA	NA	ENST00000171111.5:c.728C>T	p.Ser243Phe	p.S243F	ENST00000171111	NM_203500.1	243	tCc/tTc	0	p.S243F
NFE2L2	4780	NA	GRCh37	2	178096673	178096673	+	missense_variant	Missense_Mutation	SNP	G	G	T	NA	NA	BGI-WG08	NA	NA	NA	NA	NA	NA	NA	NA	NA	NA	NA	NA	NA	NA	NA	NA	43	18	NA	NA	ENST00000397062.3:c.658C>A	p.Leu220Met	p.L220M	ENST00000397062	NM_006164.4	220	Ctg/Atg	0	p.L220M
NFE2L2	4780	NA	GRCh37	2	178098975	178098975	+	missense_variant	Missense_Mutation	SNP	A	A	G	NA	NA	BGI-WG21	NA	NA	NA	NA	NA	NA	NA	NA	NA	NA	NA	NA	NA	NA	NA	NA	42	4	NA	NA	ENST00000397062.3:c.70T>C	p.Trp24Arg	p.W24R	ENST00000397062	NM_006164.4	24	Tgg/Cgg	0	p.W24R
KEAP1	9817	NA	GRCh37	19	10602925	10602925	+	missense_variant	Missense_Mutation	SNP	T	T	A	NA	NA	A183	NA	NA	NA	NA	NA	NA	NA	NA	NA	NA	NA	NA	NA	NA	NA	NA	68	16	NA	NA	ENST00000171111.5:c.653A>T	p.Glu218Val	p.E218V	ENST00000171111	NM_203500.1	218	gAg/gTg	0	p.E218V
KEAP1	9817	NA	GRCh37	19	10610476	10610494	+	frameshift_variant	Frame_Shift_Del	DEL	GTCACACAGCTGCTGGCTG	GTCACACAGCTGCTGGCTG	-	NA	NA	A193	NA	NA	NA	NA	NA	NA	NA	NA	NA	NA	NA	NA	NA	NA	NA	NA	40	8	NA	NA	ENST00000171111.5:c.216_234del	p.Gln74HisfsTer77	p.Q74Hfs*77	ENST00000171111	NM_203500.1	72	ctCAGCCAGCAGCTGTGTGAC/ct	0	p.LSQQLCD72fs
KEAP1	9817	NA	GRCh37	19	10599904	10599904	+	missense_variant	Missense_Mutation	SNP	C	C	A	NA	NA	A196	NA	NA	NA	NA	NA	NA	NA	NA	NA	NA	NA	NA	NA	NA	NA	NA	64	4	NA	NA	ENST00000171111.5:c.1672G>T	p.Gly558Trp	p.G558W	ENST00000171111	NM_203500.1	558	Ggg/Tgg	0	p.G558W
KEAP1	9817	NA	GRCh37	19	10602619	10602619	+	missense_variant	Missense_Mutation	SNP	C	C	A	NA	NA	A230	NA	NA	NA	NA	NA	NA	NA	NA	NA	NA	NA	NA	NA	NA	NA	NA	44	202	NA	NA	ENST00000171111.5:c.959G>T	p.Arg320Leu	p.R320L	ENST00000171111	NM_203500.1	320	cGg/cTg	0	p.R320L
KEAP1	9817	NA	GRCh37	19	10610198	10610198	+	missense_variant	Missense_Mutation	SNP	C	C	A	NA	NA	A158	NA	NA	NA	NA	NA	NA	NA	NA	NA	NA	NA	NA	NA	NA	NA	NA	17	18	NA	NA	ENST00000171111.5:c.512G>T	p.Cys171Phe	p.C171F	ENST00000171111	NM_203500.1	171	tGc/tTc	0	p.C171F
CUL3	8452	NA	GRCh37	2	225339033	225339033	+	missense_variant	Missense_Mutation	SNP	C	C	T	NA	NA	A155	NA	NA	NA	NA	NA	NA	NA	NA	NA	NA	NA	NA	NA	NA	NA	NA	122	14	NA	NA	ENST00000264414.4:c.2236G>A	p.Glu746Lys	p.E746K	ENST00000264414	NM_003590.4	746	Gaa/Aaa	0	p.E746K
KEAP1	9817	NA	GRCh37	19	10602328	10602328	+	missense_variant	Missense_Mutation	SNP	C	C	A	NA	NA	A143	NA	NA	NA	NA	NA	NA	NA	NA	NA	NA	NA	NA	NA	NA	NA	NA	52	22	NA	NA	ENST00000171111.5:c.1250G>T	p.Gly417Val	p.G417V	ENST00000171111	NM_203500.1	417	gGg/gTg	0	p.G417V
NFE2L2	4780	NA	GRCh37	2	178098810	178098810	+	missense_variant	Missense_Mutation	SNP	C	C	G	NA	NA	A131	NA	NA	NA	NA	NA	NA	NA	NA	NA	NA	NA	NA	NA	NA	NA	NA	155	98	NA	NA	ENST00000397062.3:c.235G>C	p.Glu79Gln	p.E79Q	ENST00000397062	NM_006164.4	79	Gag/Cag	0	p.E79Q
KEAP1	9817	NA	GRCh37	19	10602487	10602487	+	missense_variant	Missense_Mutation	SNP	C	C	A	NA	NA	A508	NA	NA	NA	NA	NA	NA	NA	NA	NA	NA	NA	NA	NA	NA	NA	NA	47	5	NA	NA	ENST00000171111.5:c.1091G>T	p.Gly364Val	p.G364V	ENST00000171111	NM_203500.1	364	gGc/gTc	0	p.G364V
